CancerType	Family	Subfamily	Avg_cancer	Avg_normal	Med_cancer	Med_normal	Tot_cancer	Tot_normal	Samples_cancer	Samples_normal	P_value	Rate
KICH	L1	L1PA2	0.271	0.182	0.217	0.164	2	1	29	29	1	0.5
KICH	L1	L1PA3	0.193	0.211	0.186	0.193	2	1	29	29	1	0.5
KICH	L1	L1HS	0.428	0.276	0.426	0.17	7	2	29	29	0.1796875	0.285714285714286
KICH	L1	L1	0.515	0.6566	0.5125	0.699	8	5	29	29	0.5810546875	0.625
KICH	L1	L1PREC1	0.096	0.0687	0.056	0.072	1	0	29	29	1	0
KICH	L1	L1PA4	0.159	0.1183	0.0915	0.106	1	0	29	29	1	0
KICH	SINE	AluYc2	0.266	0.1457	0.217	0.166	3	0	29	29	0.25	0
KICH	SINE	AluYk13	0.111	0.0362	0.0765	0.026	1	0	29	29	1	0
KICH	SINE	AluYf1	0.168	0.1957	0.1485	0.15	1	1	29	29	1	1
KICH	SINE	AluYbc3a	0.182	0.2227	0.18	0.19	2	1	29	29	1	0.5
KICH	SINE	AluYa5	0.307	0.1709	0.187	0.1565	5	2	29	29	0.453125	0.4
KICH	SINE	AluYa4	0.428	0.3241	0.281	0.204	7	3	29	29	0.34375	0.428571428571429
KICH	SINE	AluYb3a2	0.331	0.1408	0.299	0.125	4	1	29	29	0.375	0.25
KICH	SINE	AluYb3a1	0.195	0.1258	0.1575	0.103	4	1	29	29	0.375	0.25
KICH	SINE	AluYa8	0.507	0.286	0.318	0.237	9	3	29	29	0.14599609375	0.333333333333333
KICH	SINE	AluYb8a1	0.137	0.1273	0.092	0.1325	1	1	29	29	1	1
KICH	SINE	AluYk11	0.158	0.096	0.117	0.117	1	0	29	29	1	0
KICH	SINE	AluYe2	0.155	0.1517	0.1575	0.169	1	0	29	29	1	0
KICH	SINE	AluYb9	0.473	0.4604	0.482	0.47	6	2	29	29	0.2890625	0.333333333333333
KICH	SINE	AluY	0.242	0.1788	0.143	0.175	2	1	29	29	1	0.5
KICH	SINE	AluYc1	0.23	0.14	0.1575	0.142	2	0	29	29	0.5	0
KICH	SINE	AluYi6	0.158	0.169	0.1185	0.18	2	1	29	29	1	0.5
KICH	SINE	AluYb8	0.326	0.3208	0.192	0.149	4	2	29	29	0.6875	0.5
KICH	SINE	AluYf2	0.169	0.1157	0.1495	0.1235	1	0	29	29	1	0
KICH	SINE	AluYa1	0.378	0.2823	0.272	0.172	6	2	29	29	0.2890625	0.333333333333333
KICH	SINE	AluYd2	0.2	0.1695	0.139	0.1515	2	1	29	29	1	0.5
KICH	SINE	AluYd3	0.242	0.1457	0.192	0.1425	3	1	29	29	0.625	0.333333333333333
STAD	L1	L1PA2	4.843	0.14	0.7455	0.1655	136	1	31	31	0.00000000000000000000000000000000000000158416230872534	0.00735294117647059
STAD	L1	L1PA6	0.314	0.06	0.226	0.06	6	0	31	31	0.03125	0
STAD	L1	L1PA3	3.034	0.1143	0.635	0.104	85	0	31	31	0.0000000000000000000000000516987882845644	0
STAD	L1	L1PA4	2.165	0.1673	0.673	0.145	58	1	31	31	0.000000000000000208166817117217	0.0172413793103448
STAD	L1	L1PA5	0.706	0.104	0.5	0.088	16	0	31	31	0.000030517578125	0
STAD	L1	MER110I	0.02	0	0.0195	0	0	0	31	31	1	NA
STAD	L1	L1PREC2	0.17	0	0.027	0	2	0	31	31	0.5	0
STAD	L1	LTR88b	0.012	0.014	0.01	0.014	0	0	31	31	1	NA
STAD	L1	LTR10G	0.029	0.012	0.027	0.012	0	0	31	31	1	NA
STAD	L1	L1PA8	0.261	0	0.1895	0	3	0	31	31	0.25	0
STAD	L1	L1	3.578	0.4862	0.951	0.4695	107	3	31	31	0.000000000000000000000000000341931143070466	0.0280373831775701
STAD	L1	L1PA7	0.328	0.118	0.31	0.118	4	0	31	31	0.125	0
STAD	L1	L1HS	22.032	0.3483	2.857	0.309	661	2	31	31	0.0000000000000000000000000000000000000000000000000000000000000000000000000000000000000000000000000000000000000000000000000000000000000000000000000000000000000000000000000000000000000000000000000115026116007733	0.00302571860816944
STAD	L1	L1PREC1	0.524	0.05	0.301	0.05	11	0	31	31	0.0009765625	0
STAD	SINE	AluYi6	0.248	0.1785	0.186	0.1785	2	0	31	31	0.5	0
STAD	SINE	SVA_A	0.28	0	0.192	0	3	0	31	31	0.25	0
STAD	SINE	AluYf1	0.161	0.2415	0.118	0.2415	2	0	31	31	0.5	0
STAD	SINE	AluYbc3a	0.301	0.031	0.217	0.031	3	0	31	31	0.25	0
STAD	SINE	AluYa5	0.99	0.1747	0.39	0.101	9	1	31	31	0.021484375	0.111111111111111
STAD	SINE	AluYa4	1.186	0.168	0.628	0.167	11	1	31	31	0.00634765625	0.0909090909090909
STAD	SINE	AluYb3a2	0.29	0.0533	0.3855	0.026	2	0	31	31	0.5	0
STAD	SINE	AluYb3a1	0.528	0.2045	0.348	0.2045	6	0	31	31	0.03125	0
STAD	SINE	AluYa8	0.638	0.2077	0.512	0.163	6	1	31	31	0.125	0.166666666666667
STAD	SINE	AluYb8a1	0.217	0.317	0.183	0.317	2	1	31	31	1	0.5
STAD	SINE	SVA_B	0.192	0	0.144	0	3	0	31	31	0.25	0
STAD	SINE	SVA_D	0.316	0	0.283	0	4	0	31	31	0.125	0
STAD	SINE	AluYb9	0.582	0.2833	0.514	0.34	5	1	31	31	0.21875	0.2
STAD	SINE	SVA_F	0.328	0	0.0985	0	4	0	31	31	0.125	0
STAD	SINE	AluY	0.334	0.068	0.333	0.068	4	0	31	31	0.125	0
STAD	SINE	AluYc1	0.436	0.115	0.122	0.115	4	0	31	31	0.125	0
STAD	SINE	SVA_E	0.16	0	0.121	0	2	0	31	31	0.5	0
STAD	SINE	AluYb8	0.49	0.494	0.261	0.517	4	1	31	31	0.375	0.25
STAD	SINE	AluYa1	0.417	0.1743	0.359	0.091	5	1	31	31	0.21875	0.2
STAD	SINE	AluYc2	0.279	0.1147	0.25	0.081	2	0	31	31	0.5	0
STAD	SINE	AluYb10	0.16	0.091	0.142	0.091	1	0	31	31	1	0
STAD	SINE	SVA_C	0.253	0	0.22	0	4	0	31	31	0.125	0
DLBC	L1	L1HS	0.997	0.3327	0.902	0.229	7	2	7	7	0.1796875	0.285714285714286
DLBC	L1	L1	0.99	0.5517	1.057	0.644	7	2	7	7	0.1796875	0.285714285714286
DLBC	SINE	AluYi6	0.185	0.1423	0.17	0.179	1	0	7	7	1	0
DLBC	SINE	AluY	0.211	0.1487	0.142	0.153	1	0	7	7	1	0
DLBC	SINE	AluYa1	0.599	0.2843	0.545	0.2395	4	1	7	7	0.375	0.25
SKCM	L1	L1PA2	0.297	0.1628	0.3215	0.127	4	1	18	18	0.375	0.25
SKCM	L1	L1PA3	0.354	0.1242	0.2315	0.1125	4	0	18	18	0.125	0
SKCM	L1	L1PA4	0.38	0.118	0.324	0.075	4	0	18	18	0.125	0
SKCM	L1	L1PA5	0.374	0.153	0.403	0.153	3	0	18	18	0.25	0
SKCM	L1	L1	0.949	0.1355	0.4735	0.1355	8	0	18	18	0.0078125	0
SKCM	L1	L1HS	0.831	0.3337	0.486	0.2905	11	1	18	18	0.00634765625	0.0909090909090909
SKCM	SINE	AluYa1	0.407	0.101	0.3785	0.1085	2	0	18	18	0.5	0
SKCM	SINE	AluYa4	0.366	0.3392	0.356	0.292	4	2	18	18	0.6875	0.5
SKCM	SINE	AluYb3a2	0.244	0.1237	0.198	0.127	2	0	18	18	0.5	0
SKCM	SINE	AluYa8	0.355	0.2244	0.266	0.21	3	1	18	18	0.625	0.333333333333333
SKCM	SINE	AluYa5	0.329	0.2114	0.243	0.168	3	1	18	18	0.625	0.333333333333333
READ	L1	L1PA2	2.019	0.8775	1.3305	0.8775	32	2	16	16	0.0000000693835318088532	0.0625
READ	L1	L1	1.584	1.181	0.994	1.181	24	2	16	16	0.0000104904174804688	0.0833333333333333
READ	L1	L1PA3	1.519	0.6095	1.181	0.6095	24	1	16	16	0.00000154972076416016	0.0416666666666667
READ	L1	L1HS	3.962	0.558	1.331	0.143	63	2	16	16	0.000000000000000116334893107694	0.0317460317460317
READ	L1	L1PA4	1.111	0.2765	0.5925	0.2765	18	1	16	16	0.0000762939453125001	0.0555555555555556
READ	L1	L1PREC1	0.149	0.965	0.131	0.965	2	1	16	16	1	0.5
READ	L1	L1PA5	0.268	0.457	0.1905	0.457	4	0	16	16	0.125	0
READ	SINE	AluYa5	0.465	0.0648	0.4765	0.046	3	0	16	16	0.25	0
READ	SINE	AluYa1	0.483	0.2295	0.357	0.208	3	1	16	16	0.625	0.333333333333333
READ	SINE	AluYa4	0.904	0.3395	0.848	0.343	5	1	16	16	0.21875	0.2
READ	SINE	AluYa8	0.548	0.2915	0.492	0.2735	3	1	16	16	0.625	0.333333333333333
CESC	L1	L1PA2	1.792	0.217	0.783	0.098	20	1	16	16	0.0000209808349609375	0.05
CESC	L1	L1HS	3.146	0.6672	1.3585	0.853	38	3	16	16	0.0000000104791979538277	0.0789473684210526
CESC	L1	L1	2.89	0.3317	0.878	0.3115	26	1	16	16	0.000000417232513427736	0.0384615384615385
CESC	L1	L1PA3	1.5	0.0885	0.608	0.088	16	0	16	16	0.000030517578125	0
CESC	L1	L1PA4	1.792	0.037	0.916	0.048	16	0	16	16	0.000030517578125	0
CESC	SINE	AluYi6	0.29	0.3143	0.144	0.083	2	1	16	16	1	0.5
CESC	SINE	AluYk13	0.146	0.1837	0.075	0.033	1	1	16	16	1	1
CESC	SINE	AluYa4	0.797	0.4347	0.358	0.615	8	1	16	16	0.0390625	0.125
CESC	SINE	AluYb3a2	0.652	0.2266	0.275	0.214	6	1	16	16	0.125	0.166666666666667
CESC	SINE	AluYb3a1	0.564	0.1638	0.315	0.166	6	1	16	16	0.125	0.166666666666667
CESC	SINE	AluYa8	0.599	0.246	0.178	0.289	6	1	16	16	0.125	0.166666666666667
CESC	SINE	AluYd3	0.253	0.2028	0.134	0.1715	2	1	16	16	1	0.5
CESC	SINE	AluYb9	1.074	0.5432	0.45	0.248	10	3	16	16	0.09228515625	0.3
CESC	SINE	AluY	0.253	0.1497	0.1905	0.166	3	0	16	16	0.25	0
CESC	SINE	AluYb8	0.693	0.4455	0.445	0.2475	6	3	16	16	0.5078125	0.5
CESC	SINE	AluYa1	0.696	0.319	0.148	0.194	6	1	16	16	0.125	0.166666666666667
CESC	SINE	AluYa5	0.401	0.3283	0.165	0.365	4	1	16	16	0.375	0.25
CESC	SINE	AluYd2	0.334	0.1443	0.176	0.174	3	0	16	16	0.25	0
KIRP	L1	L1PA2	0.245	0.3375	0.2555	0.3375	3	1	20	20	0.625	0.333333333333333
KIRP	L1	L1PA3	0.135	0.1965	0.138	0.1965	1	0	20	20	1	0
KIRP	L1	L1PA4	0.197	0.1145	0.182	0.1145	2	0	20	20	0.5	0
KIRP	L1	L1	0.4	0.124	0.335	0.124	5	0	20	20	0.0625	0
KIRP	L1	L1HS	0.524	0.276	0.24	0.276	8	1	20	20	0.0390625	0.125
KIRP	SINE	AluYc2	0.23	0.149	0.2355	0.149	2	0	20	20	0.5	0
KIRP	SINE	AluYbc3a	0.267	0.0977	0.258	0.092	2	0	20	20	0.5	0
KIRP	SINE	AluYa5	0.345	0.29	0.353	0.3075	4	2	20	20	0.6875	0.5
KIRP	SINE	AluYa4	0.754	0.427	0.6745	0.4675	8	3	20	20	0.2265625	0.375
KIRP	SINE	AluYb3a2	0.455	0.137	0.2705	0.081	6	1	20	20	0.125	0.166666666666667
KIRP	SINE	AluYb3a1	0.362	0.1604	0.429	0.154	4	1	20	20	0.375	0.25
KIRP	SINE	AluYa8	0.694	0.5213	0.52	0.386	7	4	20	20	0.548828125	0.571428571428572
KIRP	SINE	AluYd3	0.238	0.1585	0.18	0.1585	3	0	20	20	0.25	0
KIRP	SINE	AluYb8a1	0.12	0.081	0.066	0.081	1	0	20	20	1	0
KIRP	SINE	AluYk11	0.187	0.1405	0.128	0.1405	2	0	20	20	0.5	0
KIRP	SINE	AluYa1	0.457	0.3015	0.3715	0.1745	5	2	20	20	0.453125	0.4
KIRP	SINE	AluYb8	0.329	0.29	0.2025	0.2645	4	1	20	20	0.375	0.25
KIRP	SINE	AluYi6	0.252	0.2433	0.27	0.232	2	1	20	20	1	0.5
KIRP	SINE	AluY	0.257	0.081	0.206	0.081	2	0	20	20	0.5	0
KIRP	SINE	AluYd2	0.205	0.11	0.181	0.12	3	0	20	20	0.25	0
KIRP	SINE	AluYb9	0.632	0.3655	0.354	0.37	8	1	20	20	0.0390625	0.125
LAML	L1	L1PA2	0.172	1.7485	0.2	0.457	1	19	45	46	0.0000408000347314712	18.5869565217391
LAML	L1	L1PA6	0.156	2.7146	0.15	0.2625	0	22	45	46	0.000000490189545053817	Inf
LAML	L1	L1PA3	0.2	2.1132	0.234	0.4365	1	21	45	46	0.0000112207460273204	20.5434782608696
LAML	L1	L1PA4	0.3	3.1375	0.2	0.6235	1	25	45	46	0.000000831687957863063	24.4565217391304
LAML	L1	L1HS	0.668	3.0441	0.1995	0.987	5	40	45	46	0.000000084545774635547	7.82608695652174
LAML	L1	L1	0.715	3.8286	0.22	0.879	4	42	45	46	0.0000000055408062441654	10.2717391304348
LAML	L1	L1PA5	0.419	3.1379	0.2185	0.414	2	22	45	46	0.0000367148460914128	10.7608695652174
LAML	L1	L1PREC1	0.632	3.4497	0.312	0.279	3	38	45	46	0.0000000112434490570878	12.3913043478261
OV	L1	LTR10G	0.017	0.011	0.013	0.011	0	0	38	37	1	NA
OV	L1	L1PA6	0.246	0.04	0.1825	0.04	5	0	38	37	0.0626111209876543	0
OV	L1	L1PA3	0.903	0.2492	0.578	0.188	28	1	38	37	0.000000118811371175067	0.0366795366795367
OV	L1	L1	2.027	0.6793	1.538	0.647	63	5	38	37	0.000000000000100093622209747	0.0815100815100815
OV	L1	L1HS	5.012	0.5204	2.348	0.4	165	5	38	37	0.00000000000000000000000000000000000000000893759217539387	0.0311220311220311
OV	L1	L1PA5	0.384	0.155	0.271	0.188	9	0	38	37	0.00393126555739921	0
OV	L1	L1PA7	0.345	0	0.3195	0	5	0	38	37	0.0626111209876543	0
OV	L1	L1PA4	0.666	0.122	0.403	0.142	19	0	38	37	0.00000393113194756171	0
OV	L1	L1PA2	1.271	0.2126	0.894	0.154	39	1	38	37	0.0000000000840857144885338	0.0263340263340263
OV	L1	L1PA8	0.297	0	0.307	0	4	0	38	37	0.125133337283951	0
OV	L1	L1PREC1	0.5	0.0447	0.378	0.056	13	0	38	37	0.000247531560996198	0
OV	L1	L1PREC2	0.043	0.009	0.0305	0.009	1	0	38	37	1	0
OV	SINE	AluSc8	0.13	0.1757	0.107	0.166	2	1	38	37	1	0.513513513513514
OV	SINE	AluYf1	0.167	0.0967	0.125	0.09	2	0	38	37	0.500088888888889	0
OV	SINE	AluYe5	0.143	0.205	0.117	0.2185	1	1	38	37	1	1.02702702702703
OV	SINE	AluYbc3a	0.169	0.0795	0.165	0.0795	2	0	38	37	0.500088888888889	0
OV	SINE	AluYa5	0.345	0.2438	0.277	0.216	6	1	38	37	0.125233333330875	0.171171171171171
OV	SINE	AluYa4	0.348	0.297	0.349	0.2345	7	2	38	37	0.180037468885202	0.293436293436293
OV	SINE	AluYb10	0.119	0.128	0.1085	0.128	1	0	38	37	1	0
OV	SINE	AluYb3a1	0.305	0.156	0.296	0.133	6	1	38	37	0.125233333330875	0.171171171171171
OV	SINE	AluYa8	0.341	0.3212	0.269	0.366	5	2	38	37	0.453416614817887	0.410810810810811
OV	SINE	AluYd3	0.116	0.0797	0.117	0.09	2	0	38	37	0.500088888888889	0
OV	SINE	AluYb8	0.603	0.2398	0.443	0.089	7	1	38	37	0.0705069617247077	0.146718146718147
OV	SINE	SVA_E	0.238	0.5697	0.163	0.509	3	2	38	37	1	0.684684684684685
OV	SINE	SVA_D	0.393	0.2477	0.3265	0.228	6	1	38	37	0.125233333330875	0.171171171171171
OV	SINE	SVA_B	0.26	0.0795	0.165	0.082	4	0	38	37	0.125133337283951	0
OV	SINE	AluYk11	0.088	0.0403	0.071	0.042	1	0	38	37	1	0
OV	SINE	AluYb3a2	0.217	0.1852	0.133	0.166	3	1	38	37	0.625133321481481	0.342342342342342
OV	SINE	SVA_C	0.236	0.22	0.175	0.2395	4	1	38	37	0.375222202469136	0.256756756756757
OV	SINE	SVA_A	0.237	0.3505	0.178	0.3505	3	1	38	37	0.625133321481481	0.342342342342342
OV	SINE	AluYc2	0.216	0.1402	0.1875	0.147	2	1	38	37	1	0.513513513513514
OV	SINE	AluYb9	0.748	0.4516	0.3835	0.45	9	2	38	37	0.0656875305428811	0.228228228228228
OV	SINE	AluYc1	0.218	0.1462	0.1845	0.157	4	1	38	37	0.375222202469136	0.256756756756757
OV	SINE	SVA_F	0.272	0.131	0.155	0.1	4	0	38	37	0.125133337283951	0
OV	SINE	AluYf5	0.146	0.202	0.1355	0.188	1	1	38	37	1	1.02702702702703
OV	SINE	AluY	0.272	0.1486	0.279	0.166	5	1	38	37	0.218999985184307	0.205405405405405
OV	SINE	AluYk12	0.189	0.1207	0.16	0.1135	2	0	38	37	0.500088888888889	0
OV	SINE	AluYa1	0.301	0.1842	0.207	0.127	7	2	38	37	0.180037468885202	0.293436293436293
OV	SINE	AluYe2	0.12	0.1808	0.125	0.166	1	1	38	37	1	1.02702702702703
OV	SINE	AluYb8a1	0.114	0.0565	0.11	0.0565	1	0	38	37	1	0
OV	SINE	AluYi6	0.188	0.0575	0.134	0.0465	2	0	38	37	0.500088888888889	0
OV	SINE	AluYd2	0.22	0.177	0.146	0.16	3	1	38	37	0.625133321481481	0.342342342342342
OV	SINE	AluYb11	0.232	0.1415	0.166	0.1415	3	0	38	37	0.250133333333333	0
GBM	L1	L1PA2	0.945	0.8642	0.552	0.3205	7	5	19	19	0.7744140625	0.714285714285714
GBM	L1	L1PA6	0.544	0.9735	0.395	0.24	3	4	19	19	1	1.33333333333333
GBM	L1	L1PA3	0.812	0.7545	0.247	0.324	8	5	19	19	0.5810546875	0.625
GBM	L1	L1PA4	0.712	0.988	0.2455	0.365	7	6	19	19	1	0.857142857142857
GBM	L1	L1PA5	0.558	0.7345	0.2005	0.1975	4	4	19	19	1	1
GBM	L1	L1	2.353	1.7606	1.159	0.264	26	9	19	19	0.00598812056705358	0.346153846153846
GBM	L1	L1HS	1.954	1.3053	0.808	0.416	25	8	19	19	0.00455138413235546	0.32
GBM	L1	L1PA7	0.474	0.7235	0.3295	0.169	3	3	19	19	1	1
GBM	L1	L1PREC1	1.004	0.9163	0.496	0.184	7	4	19	19	0.548828125	0.571428571428571
GBM	SINE	AluYa4	0.279	0.547	0.303	0.547	2	1	19	19	1	0.5
GBM	SINE	AluYa8	0.207	0.332	0.1375	0.332	2	1	19	19	1	0.5
ESCA	L1	L1PA2	4.622	0.9478	2.764	0.7465	88	4	19	19	0.00000000000000000000118099984943048	0.0454545454545454
ESCA	L1	L1PA6	0.161	0.165	0.124	0.165	2	0	19	19	0.5	0
ESCA	L1	L1PA3	3.738	0.9403	3.394	1.231	71	3	19	19	0.00000000000000000715742840429884	0.0422535211267606
ESCA	L1	L1PA4	2.796	0.5132	2.081	0.4235	53	3	19	19	0.000000000000813710210323394	0.0566037735849057
ESCA	L1	L1HS	37.476	1.0415	23.14	0.848	712	4	19	19	0.0000000000000000000000000000000000000000000000000000000000000000000000000000000000000000000000000000000000000000000000000000000000000000000000000000000000000000000000000000000000000000000000000000000000000633561091734756	0.00561797752808989
ESCA	L1	L1PREC2	0.057	1	0.0565	1	1	1	19	19	1	1
ESCA	L1	(A)n	1.618	0.0745	1.165	0.0745	29	0	19	19	0.00000000372529029846191	0
ESCA	L1	L1PA5	0.574	0.2807	0.472	0.211	10	1	19	19	0.01171875	0.1
ESCA	L1	L1	4.692	0.7773	4.658	1	89	2	19	19	0.00000000000000000000000338223166480424	0.0224719101123595
ESCA	L1	L1PREC1	0.395	0	0.209	0	7	0	19	19	0.015625	0
ESCA	SINE	SVA_B	0.538	0.073	0.392	0.057	4	0	19	19	0.125	0
ESCA	SINE	SVA_D	0.599	0.5068	0.4175	0.4755	7	2	19	19	0.1796875	0.285714285714286
ESCA	SINE	AluYb9	1.226	0.8148	1.303	0.855	7	4	19	19	0.548828125	0.571428571428571
ESCA	SINE	SVA_C	0.442	0.7973	0.37	0.853	5	2	19	19	0.453125	0.4
ESCA	SINE	SVA_F	1.39	1.6267	1	1.927	10	5	19	19	0.3017578125	0.5
ESCA	SINE	AluY	0.521	1.492	0.1795	0.952	4	4	19	19	1	1
ESCA	SINE	AluYb8	1.077	0.7418	0.73	0.498	6	4	19	19	0.75390625	0.666666666666667
ESCA	SINE	AluYa5	0.722	0.5185	0.501	0.501	6	2	19	19	0.2890625	0.333333333333333
ESCA	SINE	AluYa1	0.203	0.2893	0.133	0.2025	1	1	19	19	1	1
ESCA	SINE	AluYa4	0.665	0.568	0.498	0.5135	6	2	19	19	0.2890625	0.333333333333333
ESCA	SINE	SVA_E	0.25	0.085	0.193	0.053	2	0	19	19	0.5	0
KIRC	L1	L1PA2	0.895	0.2277	0.43	0.159	6	1	16	17	0.0627724207203854	0.156862745098039
KIRC	L1	L1PA3	0.795	0.188	0.28	0.219	6	1	16	17	0.0627724207203854	0.156862745098039
KIRC	L1	L1PA4	0.669	0.2263	0.113	0.24	5	1	16	17	0.114497254712788	0.188235294117647
KIRC	L1	L1HS	1.518	0.1453	0.416	0.159	11	0	16	17	0.000348069901669771	0
KIRC	SINE	AluYa1	0.306	0.1295	0.3325	0.105	2	1	16	17	0.613991151181234	0.470588235294118
KIRC	SINE	AluYa4	0.201	0.1896	0.132	0.194	1	1	16	17	1	0.941176470588235
UCEC	L1	L1HS	14.541	100.5682	1.728	0.906	218	503	16	17	0.0000000000000000000000263749170836144	2.17161359956827
UCEC	L1	L1PA4	2.189	33.8377	0.51	0.479	26	102	16	17	0.0000000000586856272537900	3.69230769230769
UCEC	L1	L1PA5	1.532	27.7093	0.239	0.479	17	83	16	17	0.000000000066338625274176	4.59515570934256
UCEC	L1	L1PREC2	0.108	9.754	0.021	9.754	1	10	16	17	0.0121144076782572	9.41176470588235
UCEC	L1	L1	12.27	133.771	1.3585	0.987	172	669	16	17	0.00000000000000000000000000000000000000000000000000000000000000123710594406374	3.66073871409029
UCEC	L1	L1PREC1	2.766	60.588	0.6685	1.7725	39	242	16	17	0.000000000000000000000000000000000151130487702328	5.84012066365008
UCEC	L1	L1PA6	1.21	36.313	0.3225	36.313	10	73	16	17	0.00000000000380839726512969	6.87058823529412
UCEC	L1	L1PA3	2.855	35.503	0.788	35.503	31	71	16	17	0.000227639185775236	2.15559772296015
UCEC	L1	L1PA2	2.745	29.3405	1.1245	29.3405	33	59	16	17	0.0163103943055876	1.68270944741533
UCEC	SINE	AluYf1	0.142	0.1932	0.1085	0.2	1	1	16	17	1	0.941176470588235
UCEC	SINE	AluYb3a1	0.227	1.2838	0.132	0.126	2	5	16	17	0.45463015970472	2.35294117647059
UCEC	SINE	AluY	0.295	0.787	0.2805	0.214	2	4	16	17	0.68836009125984	1.88235294117647
UCEC	SINE	AluYa1	0.331	1.1353	0.133	0.25	2	3	16	17	1	1.41176470588235
UCEC	SINE	AluYb10	0.242	0.2177	0.1	0.125	2	1	16	17	0.613991151181234	0.470588235294118
HNSC	L1	L1PA6	0.358	0.0345	0.283	0.0345	9	0	50	50	0.00390625	0
HNSC	L1	L1PA3	3.383	0.1546	0.8865	0.14	135	1	50	50	0.00000000000000000000000000000000000000314536574341119	0.00740740740740741
HNSC	L1	L1HS	20.38	0.4876	3.714	0.442	917	4	50	50	0.00000000000000000000000000000000000000000000000000000000000000000000000000000000000000000000000000000000000000000000000000000000000000000000000000000000000000000000000000000000000000000000000000000000000000000000000000000000000000000000000000000000000000000000000000337514784461578	0.00436205016357688
HNSC	L1	L1PB2c	0.131	0	0.027	0	2	0	50	50	0.5	0
HNSC	L1	L1	6.108	0.3939	1.437	0.19	257	3	50	50	0.00000000000000000000000000000000000000000000000000000000000000000000000316251202834324	0.0116731517509728
HNSC	L1	L1PREC2	0.054	0	0.0195	0	1	0	50	50	1	0
HNSC	L1	(A)n	0.587	0	0.3025	0	7	0	50	50	0.015625	0
HNSC	L1	L1PA7	0.241	0.445	0.161	0.445	2	0	50	50	0.5	0
HNSC	L1	L1PA4	2.202	0.1602	0.678	0.1325	90	1	50	50	0.0000000000000000000000000743170081590611	0.0111111111111111
HNSC	L1	L1PA5	0.704	0.079	0.411	0.079	21	0	50	50	0.000000953674316406249	0
HNSC	L1	L1PA2	5.88	0.2654	1.382	0.257	259	2	50	50	0.000000000000000000000000000000000000000000000000000000000000000000000000018455492202237	0.00772200772200772
HNSC	L1	L1PREC1	0.476	0.095	0.263	0.095	16	0	50	50	0.000030517578125	0
HNSC	SINE	AluYc2	0.225	0.1474	0.18	0.097	3	1	50	50	0.625	0.333333333333333
HNSC	SINE	AluYk13	0.118	0.041	0.071	0.037	1	0	50	50	1	0
HNSC	SINE	SVA_A	0.25	0.104	0.168	0.104	3	0	50	50	0.25	0
HNSC	SINE	AluYf1	0.212	0.1527	0.153	0.153	3	0	50	50	0.25	0
HNSC	SINE	AluYbc3a	0.26	0.119	0.166	0.113	3	1	50	50	0.625	0.333333333333333
HNSC	SINE	AluYa5	0.401	0.3521	0.32	0.3445	7	4	50	50	0.548828125	0.571428571428571
HNSC	SINE	AluYa4	0.461	0.3681	0.3905	0.303	8	4	50	50	0.3876953125	0.5
HNSC	SINE	AluYb10	0.154	0.11	0.153	0.11	2	0	50	50	0.5	0
HNSC	SINE	AluYb3a2	0.327	0.2224	0.2315	0.181	5	2	50	50	0.453125	0.4
HNSC	SINE	AluYb3a1	0.32	0.1185	0.212	0.082	6	1	50	50	0.125	0.166666666666667
HNSC	SINE	AluYa8	0.476	0.3907	0.37	0.177	8	4	50	50	0.3876953125	0.5
HNSC	SINE	SVA_B	0.468	0.094	0.408	0.041	5	0	50	50	0.0625	0
HNSC	SINE	AluYk11	0.102	0.1793	0.046	0.181	1	1	50	50	1	1
HNSC	SINE	AluYe2	0.219	0.078	0.17	0.078	2	0	50	50	0.5	0
HNSC	SINE	SVA_D	0.461	0.1647	0.491	0.2	4	0	50	50	0.125	0
HNSC	SINE	AluYd3	0.291	0.2387	0.2	0.171	3	1	50	50	0.625	0.333333333333333
HNSC	SINE	AluYb9	0.475	0.3877	0.339	0.3405	8	2	50	50	0.109375	0.25
HNSC	SINE	SVA_F	0.276	0.1403	0.181	0.167	2	0	50	50	0.5	0
HNSC	SINE	AluY	0.256	0.1354	0.19	0.142	4	1	50	50	0.375	0.25
HNSC	SINE	AluYc1	0.186	0.149	0.1335	0.15	2	1	50	50	1	0.5
HNSC	SINE	AluYb8	0.383	0.2733	0.215	0.1515	6	2	50	50	0.2890625	0.333333333333333
HNSC	SINE	AluYa1	0.328	0.2123	0.191	0.1295	8	2	50	50	0.109375	0.25
HNSC	SINE	AluYi6	0.274	0.1126	0.128	0.113	3	1	50	50	0.625	0.333333333333333
HNSC	SINE	AluYd2	0.308	0.2384	0.347	0.181	2	1	50	50	1	0.5
HNSC	SINE	SVA_C	0.326	0.281	0.227	0.2	3	1	50	50	0.625	0.333333333333333
HNSC	SINE	AluYb11	0.167	0.1945	0.111	0.1945	1	0	50	50	1	0
HNSC	SINE	SVA_E	0.218	0.204	0.124	0.2	2	1	50	50	1	0.5
LUAD	L1	L1HS	43.463	6.9676	1.601	0.2	1391	105	43	43	0.0000000000000000000000000000000000000000000000000000000000000000000000000000000000000000000000000000000000000000000000000000000000000000000000000000000000000000000000000000000000000000000000000000000000000000000000000000000000000000000000000000000000000000000000000000000000000000000000506650510304336	0.0754852624011502
LUAD	L1	L1PA13	6.208	5.79	2.23	5.79	56	6	43	43	0.0000000000297258485187913	0.107142857142857
LUAD	L1	L1PA8	31.212	14.288	0.807	0.161	468	43	43	43	0.000000000000000000000000000000000000000000000000000000000000000000000000000000000000000000255650351478943	0.0918803418803419
LUAD	L1	L1PREC2	6.345	2.049	0.479	0.173	82	8	43	43	0.000000000000000138384953940817	0.0975609756097561
LUAD	L1	L1MA1	2.248	1.477	0.2585	1.477	22	3	43	43	0.000156521797180176	0.136363636363636
LUAD	L1	L1PA12	3.856	3.745	0.5805	3.745	39	4	43	43	0.0000000310815266857391	0.102564102564103
LUAD	L1	L1PA11	4.453	4.053	0.245	4.053	49	4	43	43	0.0000000000705397962263987	0.0816326530612245
LUAD	L1	L1	41.789	7.5248	1.835	0.666	1128	83	43	43	0.00000000000000000000000000000000000000000000000000000000000000000000000000000000000000000000000000000000000000000000000000000000000000000000000000000000000000000000000000000000000000000000000000000000000000000000000000000000000000000069597531207172	0.073581560283688
LUAD	L1	L1PREC1	29.321	13.5345	0.267	0.1555	674	54	43	43	0.0000000000000000000000000000000000000000000000000000000000000000000000000000000000000000000000000000000000000000000000000000000000000000318952198957002	0.0801186943620178
LUAD	L1	L1PA6	37.653	12.232	0.823	0.2	715	61	43	43	0.000000000000000000000000000000000000000000000000000000000000000000000000000000000000000000000000000000000000000000000000000000000000000000000183882338268174	0.0853146853146853
LUAD	L1	L1PB2c	15.487	6.2627	0.59	0.088	201	19	43	43	0.0000000000000000000000000000000000000015508042488737	0.0945273631840796
LUAD	L1	LTR10G	0.136	0.025	0.0265	0.025	2	0	43	43	0.5	0
LUAD	L1	L1P_MA2	1.587	0.7845	0.42	0.7845	16	2	43	43	0.001312255859375	0.125
LUAD	L1	L1PB1	4.45	1.64	0.7415	0.09	45	5	43	43	0.00000000420985202254089	0.111111111111111
LUAD	L1	L1PA4	36.66	8.6708	0.509	0.2	1100	87	43	43	0.0000000000000000000000000000000000000000000000000000000000000000000000000000000000000000000000000000000000000000000000000000000000000000000000000000000000000000000000000000000000000000000000000000000000000000000000000000000581126651380695	0.0790909090909091
LUAD	L1	L1PA5	47.639	9.0907	0.8155	0.2	953	82	43	43	0.00000000000000000000000000000000000000000000000000000000000000000000000000000000000000000000000000000000000000000000000000000000000000000000000000000000000000000000000000000000000000000000777034050038511	0.0860440713536202
LUAD	L1	L1PA2	34.096	6.3296	0.7225	0.2225	955	76	43	43	0.0000000000000000000000000000000000000000000000000000000000000000000000000000000000000000000000000000000000000000000000000000000000000000000000000000000000000000000000000000000000000000000000000299444826070146	0.0795811518324607
LUAD	L1	L1PA3	35.522	9.5209	0.614	0.2	1066	86	43	43	0.0000000000000000000000000000000000000000000000000000000000000000000000000000000000000000000000000000000000000000000000000000000000000000000000000000000000000000000000000000000000000000000000000000000000000000000000109199998075398	0.0806754221388368
LUAD	L1	L1MA3	1.854	0.842	0.49	0.842	17	2	43	43	0.000728607177734376	0.117647058823529
LUAD	L1	LTR88b	0.055	0.0095	0.032	0.0095	1	0	43	43	1	0
LUAD	L1	MER110I	0.109	0.022	0.017	0.022	1	0	43	43	1	0
LUAD	L1	L1PA7	35.8	12.5903	0.699	0.149	573	50	43	43	0.0000000000000000000000000000000000000000000000000000000000000000000000000000000000000000000000000000000000000000145430419787031	0.087260034904014
LUAD	L1	L1MA2	2.062	1.3655	0.335	1.3655	19	3	43	43	0.000855445861816406	0.157894736842105
LUAD	SINE	AluYc2	7.712	10.7669	0.2	0.165	116	86	43	43	0.0410413827384976	0.741379310344828
LUAD	SINE	AluYf5	6.478	7.8922	0.2055	0.1	52	39	43	43	0.208174422381176	0.75
LUAD	SINE	AluYb3a2	5.951	5.7177	0.2	0.198	101	74	43	43	0.0490552786712578	0.732673267326733
LUAD	SINE	AluYa1	11.656	11.9332	0.2305	0.178	233	179	43	43	0.00894332872872971	0.76824034334764
LUAD	SINE	AluYf2	17.306	12.4735	0.3015	0.1795	104	75	43	43	0.0360701609609631	0.721153846153846
LUAD	SINE	AluYb8	10.256	10.4928	0.311	0.211	154	115	43	43	0.02033781400928	0.746753246753247
LUAD	SINE	AluYa8	2.053	2.2156	0.29	0.2795	37	27	43	43	0.260435476576655	0.72972972972973
LUAD	SINE	AluYc1	9.81	10.7727	0.207	0.1825	147	108	43	43	0.0171579587948277	0.73469387755102
LUAD	SINE	AluYi6	10.028	13.5433	0.104	0.181	150	108	43	43	0.0105538094656163	0.72
LUAD	SINE	AluYb11	10.539	19.6427	0.216	0.166	84	59	43	43	0.0443729345122087	0.702380952380952
LUAD	SINE	AluYb3a1	23.29	20.5631	0.204	0.148	349	267	43	43	0.00108359938275696	0.765042979942693
LUAD	SINE	AluYd2	7.747	8.5889	0.1675	0.161	108	77	43	43	0.0271387797009648	0.712962962962963
LUAD	SINE	AluYd3	8.44	8.1518	0.197	0.164	110	73	43	43	0.00761528215282927	0.663636363636364
LUAD	SINE	AluSc8	8.22	15.6118	0.2	0.2	90	78	43	43	0.396133341396379	0.866666666666667
LUAD	SINE	AluYf1	7.517	16.009	0.183	0.348	90	64	43	43	0.0435999365033354	0.711111111111111
LUAD	SINE	AluYa4	9.713	9.6122	0.374	0.388	204	144	43	43	0.00152637762745155	0.705882352941176
LUAD	SINE	AluYb10	9.627	19.1698	0.17	0.22	106	77	43	43	0.0381781829972672	0.726415094339623
LUAD	SINE	AluYb9	8.267	8.6102	0.56	0.417	124	95	43	43	0.0582343288974655	0.766129032258065
LUAD	SINE	AluY	18.565	21.7987	0.22	0.1545	278	218	43	43	0.00800473551465197	0.784172661870504
LUAD	SINE	AluYe5	7.726	23.118	0.183	23.118	62	46	43	43	0.148576347610562	0.741935483870968
LUAD	SINE	AluYk13	5.28	7.6422	0.0575	0.0295	63	46	43	43	0.125004541325833	0.73015873015873
LUAD	SINE	AluYk11	5.778	6.5093	0.163	0.142	58	46	43	43	0.280690329034179	0.793103448275862
LUAD	SINE	AluYbc3a	8.217	12.9247	0.175	0.1905	123	103	43	43	0.206180591582395	0.83739837398374
LUAD	SINE	AluYb8a1	8.24	18.6017	0.2	0.179	107	74	43	43	0.0171397951783849	0.691588785046729
LUAD	SINE	AluYa5	5.846	6.3412	0.211	0.292	117	82	43	43	0.0157309902094514	0.700854700854701
LUAD	SINE	AluYe2	11.388	10.9979	0.142	0.109	102	77	43	43	0.0725416697591261	0.754901960784314
LUAD	SINE	AluYk12	10.158	22.645	0.266	0.343	91	68	43	43	0.0807085872486413	0.747252747252747
PRAD	L1	L1HS	1.339	53.9947	0.4605	6.4	13	162	20	20	0.000000000000000000000000000000000666000766600088	12.4615384615385
PRAD	L1	L1	1.205	45.8327	0.675	8.474	12	137	20	20	0.00000000000000000000000000048651816528698	11.4166666666667
PRAD	L1	L1PREC1	0.197	27.386	0.055	1.907	2	82	20	20	0.000000000000000000000369232745928359	41
LIHC	L1	L1PA2	0.445	0.9232	0.317	0.25	16	5	49	50	0.0159302627168795	0.30625
LIHC	L1	L1PA6	0.241	0.4773	0.167	0.299	6	1	49	50	0.0676339229578145	0.163333333333333
LIHC	L1	L1PA3	0.336	1.0906	0.203	0.209	12	5	49	50	0.0931840598465862	0.408333333333333
LIHC	L1	L1PA4	0.427	0.8503	0.3295	0.225	14	5	49	50	0.0395556640974383	0.35
LIHC	L1	L1PA5	0.27	0.633	0.144	0.2355	8	3	49	50	0.142132995802976	0.3675
LIHC	L1	L1PA7	0.127	0.199	0.052	0.199	2	0	49	50	0.24497500255076	0
LIHC	L1	L1PA8	0.14	0.177	0.0985	0.177	1	0	49	50	0.494949494949495	0
LIHC	L1	L1PREC2	0.125	0.111	0.014	0.111	2	0	49	50	0.24497500255076	0
LIHC	L1	L1	1.295	2.5903	0.674	0.7175	53	21	49	50	0.000159656185669208	0.388301886792453
LIHC	L1	L1HS	1.347	2.1023	1.111	0.258	58	23	49	50	0.0000786535157370381	0.388620689655172
LIHC	L1	L1PREC1	0.477	0.4663	0.253	0.366	15	1	49	50	0.000242663576685419	0.0653333333333333
LIHC	SINE	AluYk13	0.098	0.0758	0.053	0.0425	2	0	49	50	0.24497500255076	0
LIHC	SINE	AluYb11	0.159	0.111	0.125	0.111	2	0	49	50	0.24497500255076	0
LIHC	SINE	AluSc8	0.166	0.166	0.1025	0.166	2	0	49	50	0.24497500255076	0
LIHC	SINE	AluYf2	0.218	0.127	0.15	0.127	3	0	49	50	0.12125025378775	0
LIHC	SINE	AluYf1	0.126	0.111	0.089	0.111	2	0	49	50	0.24497500255076	0
LIHC	SINE	AluYe5	0.104	0.118	0.096	0.107	1	0	49	50	0.494949494949495	0
LIHC	SINE	AluYbc3a	0.244	0.1038	0.1615	0.038	4	1	49	50	0.214111125475404	0.245
LIHC	SINE	AluYa5	0.532	0.3794	0.3	0.456	12	4	49	50	0.0469669722973865	0.326666666666667
LIHC	SINE	AluYa4	0.712	0.4031	0.5535	0.339	16	5	49	50	0.0159302627168795	0.30625
LIHC	SINE	AluYb10	0.172	0.128	0.131	0.111	2	0	49	50	0.24497500255076	0
LIHC	SINE	AluYb3a2	0.452	0.2796	0.2375	0.2	10	2	49	50	0.0212305430463879	0.196
LIHC	SINE	AluYb3a1	0.353	0.168	0.254	0.1305	10	2	49	50	0.0212305430463879	0.196
LIHC	SINE	AluYa8	0.657	0.4905	0.511	0.361	14	5	49	50	0.0395556640974383	0.35
LIHC	SINE	AluYd3	0.28	0.1443	0.1785	0.136	4	0	49	50	0.0600127518747449	0
LIHC	SINE	AluYb8	0.6	0.3926	0.416	0.307	15	4	49	50	0.0110702916686565	0.261333333333333
LIHC	SINE	AluYb9	0.646	0.501	0.359	0.324	17	6	49	50	0.0214661538820621	0.345882352941176
LIHC	SINE	AluYc2	0.172	0.1063	0.118	0.122	3	0	49	50	0.12125025378775	0
LIHC	SINE	SVA_C	0.298	0.2057	0.268	0.23	6	1	49	50	0.0676339229578145	0.163333333333333
LIHC	SINE	SVA_A	0.189	0.079	0.138	0.079	4	0	49	50	0.0600127518747449	0
LIHC	SINE	SVA_B	0.276	0.26	0.187	0.26	6	1	49	50	0.0676339229578145	0.163333333333333
LIHC	SINE	AluYk11	0.144	0.1083	0.1175	0.0805	3	1	49	50	0.370026531757091	0.326666666666667
LIHC	SINE	SVA_F	0.191	0.537	0.114	0.537	4	1	49	50	0.214111125475404	0.245
LIHC	SINE	SVA_E	0.297	0.095	0.268	0.046	6	0	49	50	0.0147016240435938	0
LIHC	SINE	AluYe2	0.191	0.0994	0.1425	0.107	2	0	49	50	0.24497500255076	0
LIHC	SINE	SVA_D	0.318	0.423	0.2775	0.3255	6	2	49	50	0.175424987383186	0.326666666666667
LIHC	SINE	AluY	0.252	0.1515	0.158	0.151	5	1	49	50	0.121307774756232	0.196
LIHC	SINE	AluYc1	0.202	0.321	0.11	0.321	3	0	49	50	0.12125025378775	0
LIHC	SINE	AluYi6	0.282	0.0936	0.12	0.0795	5	1	49	50	0.121307774756232	0.196
LIHC	SINE	AluYa1	0.498	0.3464	0.319	0.2385	14	3	49	50	0.00700729909354927	0.21
LIHC	SINE	AluYd2	0.313	0.3231	0.1995	0.182	5	2	49	50	0.284242400226456	0.392
LIHC	SINE	AluYb8a1	0.222	0.059	0.181	0.059	2	0	49	50	0.24497500255076	0
LGG	L1	L1PA2	1.402	0.9694	1.234	0.624	13	9	25	25	0.523467063903809	0.692307692307692
LGG	L1	L1PA5	0.886	0.611	0.82	0.556	9	4	25	25	0.266845703125	0.444444444444444
LGG	L1	L1HS	2.533	1.059	2.19	0.821	28	13	25	25	0.0275331558295875	0.464285714285714
LGG	L1	L1PA6	0.41	0.218	0.251	0.218	4	0	25	25	0.125	0
LGG	L1	L1PA3	1.839	0.7997	1.635	0.446	17	6	25	25	0.0346896648406983	0.352941176470588
LGG	L1	L1PA4	1.732	0.7757	1.567	0.54	16	6	25	25	0.0524787902832032	0.375
LGG	L1	L1	1.533	1.0989	1.1275	0.751	15	12	25	25	0.701108038425446	0.8
LGG	SINE	AluYa5	0.37	0.1115	0.142	0.1385	3	1	25	25	0.625	0.333333333333333
LGG	SINE	AluYa4	0.629	0.4562	0.801	0.4665	6	3	25	25	0.5078125	0.5
LGG	SINE	AluYb3a1	0.237	0.119	0.1875	0.119	2	0	25	25	0.5	0
LGG	SINE	SVA_B	0.272	0.1003	0.253	0.117	2	0	25	25	0.5	0
LGG	SINE	SVA_D	0.467	0.3985	0.4495	0.272	6	2	25	25	0.2890625	0.333333333333333
LGG	SINE	AluYb9	1.424	0.3464	1.1	0.126	14	2	25	25	0.004180908203125	0.142857142857143
LGG	SINE	SVA_C	0.378	0.4405	0.422	0.4325	4	2	25	25	0.6875	0.5
LGG	SINE	SVA_E	0.565	0.3447	0.5105	0.4	6	1	25	25	0.125	0.166666666666667
LGG	SINE	AluYa1	0.377	0.2167	0.351	0.173	3	1	25	25	0.625	0.333333333333333
LGG	SINE	AluYb8	0.31	0.4002	0.226	0.27	3	2	25	25	1	0.666666666666667
LGG	SINE	AluY	0.522	0.5652	0.379	0.586	6	3	25	25	0.5078125	0.5
LGG	SINE	SVA_F	0.232	0.1793	0.1765	0.2	2	1	25	25	1	0.5
BLCA	L1	L1PA6	0.476	7.2858	0.219	0.166	3	36	17	17	0.0000000360887497663498	12
BLCA	L1	L1PA3	1.154	8.0868	0.327	0.317	12	49	17	17	0.00000196987841808663	4.08333333333333
BLCA	L1	L1PA4	0.99	8.4762	0.3985	0.3395	10	51	17	17	0.0000000962442508779807	5.1
BLCA	L1	L1PA5	0.804	8.583	0.41	0.166	5	43	17	17	0.0000000136804843009486	8.6
BLCA	L1	L1PA2	1.33	6.1239	0.474	0.226	15	43	17	17	0.000306947015546567	2.86666666666667
BLCA	L1	L1	1.759	12.576	0.4815	0.638	21	63	17	17	0.00000496801514191297	3
BLCA	L1	L1HS	4.502	8.8434	1.366	0.344	63	71	17	17	0.545534366479874	1.12698412698413
BLCA	L1	L1PREC1	0.615	13.3217	0.09	0.231	6	40	17	17	0.00000031028037028591	6.66666666666667
BLCA	SINE	AluYb9	0.341	0.412	0.223	0.423	2	2	17	17	1	1
BLCA	SINE	AluYc1	0.248	0.1909	0.295	0.181	1	1	17	17	1	1
BLCA	SINE	AluYb8	0.268	0.4098	0.181	0.4135	2	2	17	17	1	1
BLCA	SINE	AluYa1	0.465	0.1671	0.195	0.2	3	2	17	17	1	0.666666666666667
BLCA	SINE	AluYa4	0.606	0.2576	0.83	0.307	3	1	17	17	0.625	0.333333333333333
BLCA	SINE	AluYb3a2	0.38	0.2032	0.362	0.181	2	1	17	17	1	0.5
BLCA	SINE	AluYb3a1	0.123	0.2135	0.166	0.179	1	1	17	17	1	1
COAD	L1	L1PA3	2.604	42.5094	0.934	0.283	73	340	31	31	0.00000000000000000000000000000000000000000283579314340126	4.65753424657534
COAD	L1	L1HS	11.509	54.7589	2.667	0.857	345	438	31	31	0.000997391817217567	1.2695652173913
COAD	L1	L1PA2	3.921	38.0121	1.246	0.5485	114	304	31	31	0.00000000000000000000483251722502047	2.66666666666667
COAD	L1	L1PA4	1.839	40.4153	0.772	0.163	52	364	31	31	0.0000000000000000000000000000000000000000000000000000000000954957794852983	7
COAD	L1	L1PA5	0.723	57.1988	0.349	0.263	17	343	31	31	0.0000000000000000000000000000000000000000000000000000000000000000000000000000000491600264026278	20.1764705882353
COAD	L1	L1PA7	0.377	59.1805	0.0385	1.049	3	237	31	31	0.000000000000000000000000000000000000000000000000000000000000000002608263098639	79
COAD	L1	L1PA8	0.329	52.4463	0.174	0.73	2	210	31	31	0.00000000000000000000000000000000000000000000000000000000000686081357220835	105
COAD	L1	L1PREC2	0.031	14.1507	0.017	0.222	0	42	31	31	0.000000000000454747350886465	Inf
COAD	L1	L1PA6	0.413	52.077	0.0775	0.249	7	260	31	31	0.000000000000000000000000000000000000000000000000000000000000000000153634891610027	37.1428571428571
COAD	L1	L1	3.412	45.9527	1.694	0.317	92	322	31	31	0.000000000000000000000000000000540133822844753	3.5
COAD	L1	L1PREC1	0.49	51.5494	0.227	1.272	10	258	31	31	0.00000000000000000000000000000000000000000000000000000000000000194896870779053	25.8
COAD	SINE	AluYc2	0.422	0.644	0.278	0.477	4	3	31	31	1	0.75
COAD	SINE	AluYf2	0.887	0.4812	0.183	0.174	4	2	31	31	0.6875	0.5
COAD	SINE	AluYb3a1	0.858	1.331	0.331	0.545	11	9	31	31	0.823802947998047	0.818181818181818
COAD	SINE	AluYa8	1.013	0.4144	0.929	0.2475	10	3	31	31	0.09228515625	0.3
COAD	SINE	AluYd3	0.308	0.5562	0.276	0.219	2	3	31	31	1	1.5
COAD	SINE	AluYk11	0.277	0.2313	0.194	0.115	2	1	31	31	1	0.5
COAD	SINE	AluYc1	0.657	1.1092	0.429	0.996	4	4	31	31	1	1
COAD	SINE	SVA_E	0.315	0.23	0.206	0.23	3	0	31	31	0.25	0
COAD	SINE	AluYi6	0.321	0.8737	0.183	0.461	3	3	31	31	1	1
COAD	SINE	AluYk13	0.433	0.4825	0.1175	0.376	3	2	31	31	1	0.666666666666667
COAD	SINE	AluYf1	0.464	0.5762	0.321	0.5455	3	2	31	31	1	0.666666666666667
COAD	SINE	AluYbc3a	0.362	0.7895	0.315	0.506	3	3	31	31	1	1
COAD	SINE	AluYa5	0.612	0.6022	0.825	0.4645	7	5	31	31	0.7744140625	0.714285714285714
COAD	SINE	AluYa4	1.08	0.7137	1.1725	0.443	11	6	31	31	0.332305908203125	0.545454545454545
COAD	SINE	AluYb3a2	0.621	0.3716	0.454	0.3085	7	3	31	31	0.34375	0.428571428571429
COAD	SINE	AluYb8a1	0.258	0.875	0.189	0.773	2	3	31	31	1	1.5
COAD	SINE	AluYb11	0.266	0.3967	0.302	0.425	2	2	31	31	1	1
COAD	SINE	SVA_D	0.384	0.1403	0.2525	0.041	4	0	31	31	0.125	0
COAD	SINE	AluYb9	0.841	0.5852	0.648	0.377	8	5	31	31	0.5810546875	0.625
COAD	SINE	AluY	0.572	1.551	0.3225	1.06	6	6	31	31	1	1
COAD	SINE	AluYb8	0.851	0.6794	0.808	0.371	9	6	31	31	0.60723876953125	0.666666666666667
COAD	SINE	AluYa1	1.123	0.7302	1.391	0.333	11	7	31	31	0.480682373046875	0.636363636363636
COAD	SINE	SVA_F	0.415	0.495	0.3825	0.495	4	0	31	31	0.125	0
COAD	SINE	SVA_C	0.437	0.1813	0.486	0.042	4	1	31	31	0.375	0.25
COAD	SINE	SVA_B	0.534	0.0665	0.339	0.0665	5	0	31	31	0.0625	0
COAD	SINE	AluYd2	0.448	0.3772	0.537	0.1585	3	2	31	31	1	0.666666666666667
BRCA	L1	L1PA16_5	48.779	0	0.052	0	537	0	81	82	0.0000000000000000000000000000000000000000000000000000000000000000000000000000000000000000000000000000000000000000000000000000000000000000000000000000000000000000000816040236251193	0
BRCA	L1	L1PA5	83.163	0.2931	0.386	0.178	4241	2	81	82	0	0.000465835830251724
BRCA	L1	L1PA8	66.185	0.0783	0.335	0.061	1721	0	81	82	0	0
BRCA	L1	L1PREC2	53.378	0.0295	0.0525	0.0295	1708	0	81	82	0	0
BRCA	L1	L1PA6	58.759	0.2095	0.315	0.1815	2409	1	81	82	0	0.000410047687027306
BRCA	L1	L1PA10	30.37	0.013	0.1775	0.013	425	0	81	82	0.000000000000000000000000000000000000000000000000000000000000000000000000000000000000000000000000000000000000000000000000000000000844114094170879	0
BRCA	L1	HERVK	12.014	0	0.041	0	120	0	81	82	0.000000000000000000000000000000000000359492419478809	0
BRCA	L1	L1PA12	27.409	0.089	0.298	0.089	247	0	81	82	0.000000000000000000000000000000000000000000000000000000000000000000000000000967077714051146	0
BRCA	L1	L1ME_ORF2	56.567	0	0.014	0	849	0	81	82	0.00000000000000000000000000000000000000000000000000000000000000000000000000000000000000000000000000000000000000000000000000000000000000000000000000000000000000000000000000000000000000000000000000000000000000000000000000000000000000000000000000000000000000000143385385738775	0
BRCA	L1	L1HS	454.327	0.6418	1.253	0.388	32257	12	81	82	0.00000000000000000000000000000000000000000000000000000000000000000000000000000000000000000000000000000000000000000000000000000000000000000000000000000000000000000000000000000000000000000000000000000000000000000000000000000000000000000000000000000000000000000000000000000000000000000000000000000000000000000000000000000000000494065645841247	0.00036747554132701
BRCA	L1	L1	549.577	0.4923	1.137	0.4335	34074	8	81	82	0.00000000000000000000000000000000000000000000000000000000000000000000000000000000000000000000000000000000000000000000000000000000000000000000000000000000000000000000000000000000000000000000000000000000000000000000000000000000000000000000000000000000000000000000000000000000000000000000000000000000000000000000000000000000000494065645841247	0.000231919910324301
BRCA	L1	L1PREC1	170.333	0.1659	0.324	0.085	9368	1	81	82	0	0.000105444585615796
BRCA	L1	L1PA11	23.8	0.089	0.3215	0.089	238	0	81	82	0.000000000000000000000000000000000000000000000000000000000000000000000000523340861490478	0
BRCA	L1	L1PB2c	167.201	0	0.763	0	3511	0	81	82	0	0
BRCA	L1	L1P_MA2	123.591	0	0.0815	0	1483	0	81	82	0	0
BRCA	L1	L1PA4	98.022	0.2005	0.4685	0.196	5685	2	81	82	0	0.000347512709955596
BRCA	L1	L1PA2	71.82	0.1971	0.578	0.1665	4381	3	81	82	0.00000000000000000000000000000000000000000000000000000000000000000000000000000000000000000000000000000000000000000000000000000000000000000000000000000000000000000000000000000000000000000000000000000000000000000000000000000000000000000000000000000000000000000000000000000000000000000000000000000000000000000000000000000000000494065645841247	0.000676424248835047
BRCA	L1	L1PA3	79.938	0.2275	0.5335	0.231	4956	3	81	82	0	0.000597944841433886
BRCA	L1	L1PA7	69.994	0.1384	0.2	0.136	2170	1	81	82	0	0.000455209621220636
BRCA	L1	L1M4B	95.698	0	0.032	0	957	0	81	82	0.00000000000000000000000000000000000000000000000000000000000000000000000000000000000000000000000000000000000000000000000000000000000000000000000000000000000000000000000000000000000000000000000000000000000000000000000000000000000000000000000000000000000000000000000000000000000000000000000000227313721571697	0
BRCA	SINE	AluYf5	9.892	0.2856	0.279	0.318	336	4	81	82	0.0000000000000000000000000000000000000000000000000000000000000000000000000000000000000000000000545874456979199	0.0117595818815331
BRCA	SINE	AluYd3	12.477	0.2042	0.2	0.1735	399	3	81	82	0.000000000000000000000000000000000000000000000000000000000000000000000000000000000000000000000000000000000000000000181091766352529	0.00742710434623143
BRCA	SINE	SVA_A	14.739	0.197	0.146	0.197	162	0	81	82	0.0000000000000000000000000000000000000000000000000631220572657054	0
BRCA	SINE	AluYa1	22.121	0.2754	0.3485	0.2	1150	5	81	82	0	0.00429480381760339
BRCA	SINE	AluYg6	41.858	0.856	0.223	0.856	628	1	81	82	0.0000000000000000000000000000000000000000000000000000000000000000000000000000000000000000000000000000000000000000000000000000000000000000000000000000000000000000000000000000000000000000000059667065698388	0.00157293770389933
BRCA	SINE	AluYa8	7.713	0.4126	0.2845	0.312	293	5	81	82	0.0000000000000000000000000000000000000000000000000000000000000000000000000000000102019271001951	0.0168567385332556
BRCA	SINE	AluYb3a1	62.645	0.1991	0.402	0.2	2568	5	81	82	0.00000000000000000000000000000000000000000000000000000000000000000000000000000000000000000000000000000000000000000000000000000000000000000000000000000000000000000000000000000000000000000000000000000000000000000000000000000000000000000000000000000000000000000000000000000000000000000000000000000000000000000000000000000000000494065645841247	0.0019232961021199
BRCA	SINE	AluYf1	14.279	0.241	0.156	0.153	471	3	81	82	0.0000000000000000000000000000000000000000000000000000000000000000000000000000000000000000000000000000000000000000000000000000000000000000205977240501394	0.00629175081559733
BRCA	SINE	AluYd2	10.977	0.1714	0.2535	0.153	373	2	81	82	0.00000000000000000000000000000000000000000000000000000000000000000000000000000000000000000000000000000000000014123350722792	0.00529654090106585
BRCA	SINE	AluYe5	11.888	0.2362	0.1625	0.178	428	3	81	82	0.000000000000000000000000000000000000000000000000000000000000000000000000000000000000000000000000000000000000000000000000000177039595400231	0.00692386596763164
BRCA	SINE	SVA_C	15.232	0.1293	0.165	0.144	289	0	81	82	0.000000000000000000000000000000000000000000000000000000000000000000000000000000000000000169805902820497	0
BRCA	SINE	AluYbc3a	20.153	0.1674	0.227	0.125	887	3	81	82	0.0000000000000000000000000000000000000000000000000000000000000000000000000000000000000000000000000000000000000000000000000000000000000000000000000000000000000000000000000000000000000000000000000000000000000000000000000000000000000000000000000000000000000000000000864129981344267	0.00334094096296093
BRCA	SINE	AluYa5	18.231	0.3501	0.282	0.405	747	5	81	82	0.00000000000000000000000000000000000000000000000000000000000000000000000000000000000000000000000000000000000000000000000000000000000000000000000000000000000000000000000000000000000000000000000000000000000000000000000116029750956717	0.00661181310608287
BRCA	SINE	AluSg4	26.866	0	0.156	0	322	0	81	82	0.0000000000000000000000000000000000000000000000000000000000000000000000000000000000000000000000000161349439415312	0
BRCA	SINE	AluYc2	13.251	0.1747	0.2	0.17	557	3	81	82	0.000000000000000000000000000000000000000000000000000000000000000000000000000000000000000000000000000000000000000000000000000000000000000000000000000000000000000000260918707929409	0.00532031352629505
BRCA	SINE	AluSx1	54.526	0.043	0.2	0.043	545	0	81	82	0.000000000000000000000000000000000000000000000000000000000000000000000000000000000000000000000000000000000000000000000000000000000000000000000000000000000000000000000303452618029647	0
BRCA	SINE	AluYb3a2	13.985	0.2374	0.406	0.181	545	5	81	82	0.00000000000000000000000000000000000000000000000000000000000000000000000000000000000000000000000000000000000000000000000000000000000000000000000000000000000427288480498999	0.00906243007384202
BRCA	SINE	AluYf2	28.632	0.2009	0.166	0.2	716	1	81	82	0.000000000000000000000000000000000000000000000000000000000000000000000000000000000000000000000000000000000000000000000000000000000000000000000000000000000000000000000000000000000000000000000000000000000000000000000012784745278123	0.00137961575146478
BRCA	SINE	AluYb8	25.1	0.3139	0.448	0.234	929	6	81	82	0.0000000000000000000000000000000000000000000000000000000000000000000000000000000000000000000000000000000000000000000000000000000000000000000000000000000000000000000000000000000000000000000000000000000000000000000000000000000000000000000000000000000000000000000000000000109367201600024	0.00637979469138071
BRCA	SINE	AluYc1	18.77	0.1864	0.294	0.181	788	4	81	82	0.00000000000000000000000000000000000000000000000000000000000000000000000000000000000000000000000000000000000000000000000000000000000000000000000000000000000000000000000000000000000000000000000000000000000000000000000000000000000000653398086436543	0.00501423795963848
BRCA	SINE	AluYi6	24.943	0.1491	0.172	0.145	973	2	81	82	0.00000000000000000000000000000000000000000000000000000000000000000000000000000000000000000000000000000000000000000000000000000000000000000000000000000000000000000000000000000000000000000000000000000000000000000000000000000000000000000000000000000000000000000000000000000000000000000000000000500271684300717	0.00203043140400572
BRCA	SINE	AluYb11	12.694	0.2362	0.182	0.182	444	1	81	82	0.000000000000000000000000000000000000000000000000000000000000000000000000000000000000000000000000000000000000000000000000000000000000488738038902275	0.00222478576137113
BRCA	SINE	AluYd3a1	9.872	0.2335	0.187	0.2335	128	0	81	82	0.0000000000000000000000000000000000000013368080519387	0
BRCA	SINE	AluSc	75.142	0.023	0.095	0.023	827	0	81	82	0.00000000000000000000000000000000000000000000000000000000000000000000000000000000000000000000000000000000000000000000000000000000000000000000000000000000000000000000000000000000000000000000000000000000000000000000000000000000000000000000000000000000000688591679350532	0
BRCA	SINE	AluYk13	22.304	0.0801	0.107	0.037	535	1	81	82	0.0000000000000000000000000000000000000000000000000000000000000000000000000000000000000000000000000000000000000000000000000000000000000000000000000000000000000000892703864475674	0.0018463642580351
BRCA	SINE	AluSc8	19.899	0.2133	0.2045	0.166	557	2	81	82	0.00000000000000000000000000000000000000000000000000000000000000000000000000000000000000000000000000000000000000000000000000000000000000000000000000000000000000000000274180778726623	0.0035468756841967
BRCA	SINE	AluYb10	18.231	0.238	0.285	0.166	547	3	81	82	0.00000000000000000000000000000000000000000000000000000000000000000000000000000000000000000000000000000000000000000000000000000000000000000000000000000000000000026880117542775	0.00541757702768984
BRCA	SINE	SVA_B	15.925	0.2645	0.195	0.2645	287	1	81	82	0.00000000000000000000000000000000000000000000000000000000000000000000000000000000000011167330150697	0.00344182884337554
BRCA	SINE	AluSc5	86.995	0.023	0.148	0.023	870	0	81	82	0.000000000000000000000000000000000000000000000000000000000000000000000000000000000000000000000000000000000000000000000000000000000000000000000000000000000000000000000000000000000000000000000000000000000000000000000000000000000000000000000000000000000000000000000000600828594013382	0
BRCA	SINE	SVA_E	11.392	0.193	0.183	0.192	205	1	81	82	0.000000000000000000000000000000000000000000000000000000000000607787310357813	0.00481856038072576
BRCA	SINE	SVA_F	11.558	0.2385	0.1705	0.2385	208	0	81	82	0.000000000000000000000000000000000000000000000000000000000000000675868507552659	0
BRCA	SINE	SVA_D	17.461	0.27	0.1885	0.197	349	1	81	82	0.0000000000000000000000000000000000000000000000000000000000000000000000000000000000000000000000000000000216853484160662	0.00283038647005381
BRCA	SINE	AluYk12	22.946	0.1794	0.2	0.166	597	3	81	82	0.000000000000000000000000000000000000000000000000000000000000000000000000000000000000000000000000000000000000000000000000000000000000000000000000000000000000000000000000000000229856481635979	0.00496384360828533
BRCA	SINE	AluYk11	12.694	0.0981	0.173	0.066	355	1	81	82	0.000000000000000000000000000000000000000000000000000000000000000000000000000000000000000000000000000000000335444880242626	0.00278254895225009
BRCA	SINE	AluYb8a1	12.163	0.1299	0.2	0.0955	438	2	81	82	0.00000000000000000000000000000000000000000000000000000000000000000000000000000000000000000000000000000000000000000000000000000000459833153853636	0.00451052455730037
BRCA	SINE	AluYa4	26.718	0.4031	0.43	0.2585	1095	6	81	82	0.000000000000000000000000000000000000000000000000000000000000000000000000000000000000000000000000000000000000000000000000000000000000000000000000000000000000000000000000000000000000000000000000000000000000000000000000000000000000000000000000000000000000000000000000000000000000000000000000000000000000000000000000000000117617267648967	0.00541262946876044
BRCA	SINE	AluYe2	12.562	0.2348	0.2	0.238	515	3	81	82	0.00000000000000000000000000000000000000000000000000000000000000000000000000000000000000000000000000000000000000000000000000000000000000000000000000000116994482930809	0.00575420317309969
BRCA	SINE	AluYb9	21.371	0.5039	0.6215	0.467	769	10	81	82	0.0000000000000000000000000000000000000000000000000000000000000000000000000000000000000000000000000000000000000000000000000000000000000000000000000000000000000000000000000000000000000000000000000000000000000000000000649742000085403	0.0128453170097371
BRCA	SINE	AluY	26.951	0.2213	0.303	0.181	1321	6	81	82	0	0.00448662321596721
LUSC	L1	L1HS	46.609	4.8229	7.278	0.654	1072	58	23	23	0.0000000000000000000000000000000000000000000000000000000000000000000000000000000000000000000000000000000000000000000000000000000000000000000000000000000000000000000000000000000000000000000000000000000000000000000000000000000000000000000000000166825593811124	0.0541044776119403
LUSC	L1	L1PA8	17.946	2.1174	0.323	0.298	215	15	23	23	0.000000000000000000000000000000000000000000000159246306770424	0.0697674418604651
LUSC	L1	L1PREC2	3.655	0.6838	0.092	0.229	62	3	23	23	0.00000000000000248423243781602	0.0483870967741935
LUSC	L1	L1	37.356	6.8284	4.4555	0.9535	822	55	23	23	0.0000000000000000000000000000000000000000000000000000000000000000000000000000000000000000000000000000000000000000000000000000000000000000000000000000000000000000000000000000000217727193500177	0.0669099756690998
LUSC	L1	L1PREC1	21.205	4.7995	0.512	1.563	445	29	23	23	0.000000000000000000000000000000000000000000000000000000000000000000000000000000000000000000000000819009228754172	0.0651685393258427
LUSC	L1	L1PA6	21.004	3.1133	0.7195	0.626	336	22	23	23	0.00000000000000000000000000000000000000000000000000000000000000000000000025713180499059	0.0654761904761905
LUSC	L1	L1PA3	25.303	3.0519	2.29	0.401	582	37	23	23	0.000000000000000000000000000000000000000000000000000000000000000000000000000000000000000000000000000000000000000000000000000000466620386220533	0.063573883161512
LUSC	L1	L1PA10	4.994	0.823	0.159	0.5595	45	3	23	23	0.000000000131258559576964	0.0666666666666667
LUSC	L1	L1PB2c	11.237	2.857	0.199	1.915	169	11	23	23	0.000000000000000000000000000000000000164425116151984	0.0650887573964497
LUSC	L1	LTR10G	0.099	0.0353	0.0185	0.0215	1	0	23	23	1	0
LUSC	L1	MER110I	0.078	0.033	0.013	0.028	1	0	23	23	1	0
LUSC	L1	L1PA2	23.997	2.7945	3.414	0.549	552	31	23	23	0.000000000000000000000000000000000000000000000000000000000000000000000000000000000000000000000000000000000000000000000000000196631170719245	0.0561594202898551
LUSC	L1	L1PA7	21.099	2.5314	0.439	0.659	274	18	23	23	0.00000000000000000000000000000000000000000000000000000000000585937204681191	0.0656934306569343
LUSC	L1	LTR88b	0.052	0.015	0.009	0.015	0	0	23	23	1	NA
LUSC	L1	L1PA4	26.789	4.2091	1.7565	0.568	589	38	23	23	0.0000000000000000000000000000000000000000000000000000000000000000000000000000000000000000000000000000000000000000000000000000000462146252929605	0.0645161290322581
LUSC	L1	L1PA5	21.938	4.3147	0.592	0.613	461	30	23	23	0.000000000000000000000000000000000000000000000000000000000000000000000000000000000000000000000000000275717012482165	0.0650759219088937
LUSC	SINE	AluYi6	0.238	0.27	0.2015	0.145	2	1	23	23	1	0.5
LUSC	SINE	AluYf2	0.337	0.6915	0.167	0.6915	3	1	23	23	0.625	0.333333333333333
LUSC	SINE	SVA_A	0.228	0.2576	0.191	0.128	2	1	23	23	1	0.5
LUSC	SINE	AluYc2	0.188	0.618	0.178	0.125	2	2	23	23	1	1
LUSC	SINE	AluYf1	0.2	0.3528	0.181	0.219	2	1	23	23	1	0.5
LUSC	SINE	AluYbc3a	0.226	0.165	0.193	0.09	3	1	23	23	0.625	0.333333333333333
LUSC	SINE	SVA_E	0.295	0.172	0.322	0.128	3	1	23	23	0.625	0.333333333333333
LUSC	SINE	AluYa5	0.345	0.3864	0.2305	0.3795	3	3	23	23	1	1
LUSC	SINE	AluYa4	0.494	0.6586	0.2765	0.467	6	5	23	23	1	0.833333333333333
LUSC	SINE	AluYb10	0.271	0.347	0.1815	0.291	3	2	23	23	1	0.666666666666667
LUSC	SINE	AluYb3a1	0.379	0.7775	0.247	0.2395	6	5	23	23	1	0.833333333333333
LUSC	SINE	AluYa8	0.568	0.4409	0.522	0.283	5	4	23	23	1	0.8
LUSC	SINE	SVA_D	0.302	0.2748	0.2825	0.065	4	1	23	23	0.375	0.25
LUSC	SINE	AluYb8	0.4	0.669	0.1985	0.247	4	2	23	23	0.6875	0.5
LUSC	SINE	SVA_B	0.305	0.3932	0.221	0.3375	3	2	23	23	1	0.666666666666667
LUSC	SINE	AluYk11	0.077	0.321	0.05	0.321	1	1	23	23	1	1
LUSC	SINE	AluYb3a2	0.461	0.4825	0.359	0.238	5	2	23	23	0.453125	0.4
LUSC	SINE	AluYe2	0.248	0.4023	0.1935	0.147	2	1	23	23	1	0.5
LUSC	SINE	SVA_C	0.419	0.3904	0.329	0.128	4	2	23	23	0.6875	0.5
LUSC	SINE	AluY	0.284	0.8382	0.239	0.2	4	4	23	23	1	1
LUSC	SINE	AluYb9	0.641	0.6853	0.5725	0.403	6	2	23	23	0.2890625	0.333333333333333
LUSC	SINE	SVA_F	0.373	0.1667	0.326	0.128	3	1	23	23	0.625	0.333333333333333
LUSC	SINE	AluYc1	0.282	0.5665	0.222	0.1075	3	2	23	23	1	0.666666666666667
LUSC	SINE	AluYb11	0.299	0.2837	0.272	0.2395	2	1	23	23	1	0.5
LUSC	SINE	AluYa1	0.555	0.5155	0.386	0.134	7	4	23	23	0.548828125	0.571428571428571
LUSC	SINE	AluYd3	0.19	1.232	0.136	1.232	2	1	23	23	1	0.5
LUSC	SINE	AluYd2	0.25	0.6235	0.175	0.6235	3	1	23	23	0.625	0.333333333333333
LUSC	SINE	AluYf5	0.241	0.2243	0.2	0.1535	2	1	23	23	1	0.5
LUSC	SINE	AluYb8a1	0.216	0.6183	0.199	0.142	2	2	23	23	1	1
THCA	L1	L1PA2	0.345	0.3777	0.172	0.248	4	1	20	21	0.207879257149127	0.238095238095238
THCA	L1	L1	0.504	0.4018	0.2725	0.254	6	2	20	21	0.169933842457579	0.317460317460317
THCA	L1	L1PA3	0.338	0.4423	0.307	0.554	3	1	20	21	0.363258251494022	0.317460317460317
THCA	L1	L1PA4	0.272	0.27	0.25	0.222	2	1	20	21	0.616082181047866	0.476190476190476
THCA	L1	L1PA5	0.234	0.2423	0.2	0.2	2	1	20	21	0.616082181047866	0.476190476190476
THCA	L1	L1HS	0.76	0.722	0.5	0.63	10	4	20	21	0.110949120257768	0.380952380952381
THCA	SINE	AluYi6	0.168	0.218	0.135	0.153	2	1	20	21	0.616082181047866	0.476190476190476
THCA	SINE	AluYk13	0.056	0.016	0.049	0.016	1	0	20	21	0.48780487804878	0
THCA	SINE	AluYf1	0.213	0.225	0.139	0.225	2	0	20	21	0.237953599048186	0
THCA	SINE	AluYbc3a	0.224	0.1707	0.1945	0.1335	2	1	20	21	0.616082181047866	0.476190476190476
THCA	SINE	AluYa5	0.333	0.3779	0.254	0.2455	5	3	20	21	0.498071136172531	0.571428571428571
THCA	SINE	AluYa4	0.547	0.4365	0.37	0.3195	8	3	20	21	0.137374683114135	0.357142857142857
THCA	SINE	AluYb10	0.192	0.1347	0.194	0.128	1	0	20	21	0.48780487804878	0
THCA	SINE	AluYb3a2	0.383	0.151	0.242	0.125	5	1	20	21	0.116411365507968	0.19047619047619
THCA	SINE	AluYb3a1	0.273	0.2325	0.2355	0.208	3	1	20	21	0.363258251494022	0.317460317460317
THCA	SINE	AluYa8	0.608	0.4086	0.384	0.2865	8	3	20	21	0.137374683114135	0.357142857142857
THCA	SINE	AluYd3	0.253	0.2012	0.198	0.182	3	1	20	21	0.363258251494022	0.317460317460317
THCA	SINE	AluYb8a1	0.14	0.228	0.142	0.2	1	1	20	21	1	0.952380952380952
THCA	SINE	AluYk11	0.138	0.111	0.05	0.111	2	0	20	21	0.237953599048186	0
THCA	SINE	AluYb9	0.619	0.2372	0.493	0.2485	9	1	20	21	0.0100158901356094	0.105820105820106
THCA	SINE	AluY	0.255	0.2926	0.2685	0.273	3	1	20	21	0.363258251494022	0.317460317460317
THCA	SINE	AluYc1	0.304	0.1898	0.293	0.198	2	1	20	21	0.616082181047866	0.476190476190476
THCA	SINE	AluYa1	0.411	0.2533	0.305	0.277	5	2	20	21	0.277947920742812	0.380952380952381
THCA	SINE	AluYb8	0.296	0.2572	0.2085	0.157	4	2	20	21	0.442402552529583	0.476190476190476
THCA	SINE	AluYc2	0.181	0.157	0.133	0.2	2	1	20	21	0.616082181047866	0.476190476190476
THCA	SINE	AluYd2	0.291	0.1363	0.192	0.128	3	0	20	21	0.116074926364969	0
